<?xml version="1.0" encoding="UTF-8"?>
<tns:Product xmlns:tns="http://mws.amazonservices.com/schema/Products/2011-10-01" xmlns:xsi="http://www.w3.org/2001/XMLSchema-instance" xsi:schemaLocation="http://mws.amazonservices.com/schema/Products/2011-10-01 ProductsAPI_Response.xsd ">
  <tns:Identifiers>
    <tns:MarketplaceASIN>
      <tns:MarketplaceId>tns:MarketplaceId</tns:MarketplaceId>
      <tns:ASIN>tns:ASIN</tns:ASIN>
    </tns:MarketplaceASIN>
    <tns:SKUIdentifier>
      <tns:MarketplaceId>tns:MarketplaceId</tns:MarketplaceId>
      <tns:SellerId>tns:SellerId</tns:SellerId>
      <tns:SellerSKU>tns:SellerSKU</tns:SellerSKU>
    </tns:SKUIdentifier>
  </tns:Identifiers>
  <tns:AttributeSets>
    <tns:AttributeSet>
      <tns:nil xsi:type="anyType"/>
    </tns:AttributeSet>
  </tns:AttributeSets>
  <tns:Relationships>
    <tns:VariationParent>
      <tns:Identifiers>
        <tns:MarketplaceASIN>
          <tns:MarketplaceId>tns:MarketplaceId</tns:MarketplaceId>
          <tns:ASIN>tns:ASIN</tns:ASIN>
        </tns:MarketplaceASIN>
        <tns:SKUIdentifier>
          <tns:MarketplaceId>tns:MarketplaceId</tns:MarketplaceId>
          <tns:SellerId>tns:SellerId</tns:SellerId>
          <tns:SellerSKU>tns:SellerSKU</tns:SellerSKU>
        </tns:SKUIdentifier>
      </tns:Identifiers>
    </tns:VariationParent>
  </tns:Relationships>
  <tns:CompetitivePricing>
    <tns:CompetitivePrices>
      <tns:CompetitivePrice belongsToRequester="true" condition="" subcondition="">
        <tns:CompetitivePriceId>tns:CompetitivePriceId</tns:CompetitivePriceId>
        <tns:Price>
          <tns:LandedPrice>
            <tns:CurrencyCode>tns:CurrencyCode</tns:CurrencyCode>
            <tns:Amount>0.0</tns:Amount>
          </tns:LandedPrice>
          <tns:ListingPrice>
            <tns:CurrencyCode>tns:CurrencyCode</tns:CurrencyCode>
            <tns:Amount>0.0</tns:Amount>
          </tns:ListingPrice>
          <tns:Shipping>
            <tns:CurrencyCode>tns:CurrencyCode</tns:CurrencyCode>
            <tns:Amount>0.0</tns:Amount>
          </tns:Shipping>
        </tns:Price>
      </tns:CompetitivePrice>
    </tns:CompetitivePrices>
    <tns:NumberOfOfferListings>
      <tns:OfferListingCount condition="">0</tns:OfferListingCount>
    </tns:NumberOfOfferListings>
    <tns:TradeInValue>
      <tns:CurrencyCode>tns:CurrencyCode</tns:CurrencyCode>
      <tns:Amount>0.0</tns:Amount>
    </tns:TradeInValue>
  </tns:CompetitivePricing>
  <tns:SalesRankings>
    <tns:SalesRank>
      <tns:ProductCategoryId>tns:ProductCategoryId</tns:ProductCategoryId>
      <tns:Rank>0</tns:Rank>
    </tns:SalesRank>
  </tns:SalesRankings>
  <tns:LowestOfferListings>
    <tns:LowestOfferListing>
      <tns:Qualifiers>
        <tns:ItemCondition>tns:ItemCondition</tns:ItemCondition>
        <tns:ItemSubcondition>tns:ItemSubcondition</tns:ItemSubcondition>
        <tns:FulfillmentChannel>tns:FulfillmentChannel</tns:FulfillmentChannel>
        <tns:ShipsDomestically>tns:ShipsDomestically</tns:ShipsDomestically>
        <tns:ShippingTime>
          <tns:Max>tns:Max</tns:Max>
        </tns:ShippingTime>
        <tns:SellerPositiveFeedbackRating>tns:SellerPositiveFeedbackRating</tns:SellerPositiveFeedbackRating>
      </tns:Qualifiers>
      <tns:NumberOfOfferListingsConsidered>0</tns:NumberOfOfferListingsConsidered>
      <tns:SellerFeedbackCount>0</tns:SellerFeedbackCount>
      <tns:Price>
        <tns:LandedPrice>
          <tns:CurrencyCode>tns:CurrencyCode</tns:CurrencyCode>
          <tns:Amount>0.0</tns:Amount>
        </tns:LandedPrice>
        <tns:ListingPrice>
          <tns:CurrencyCode>tns:CurrencyCode</tns:CurrencyCode>
          <tns:Amount>0.0</tns:Amount>
        </tns:ListingPrice>
        <tns:Shipping>
          <tns:CurrencyCode>tns:CurrencyCode</tns:CurrencyCode>
          <tns:Amount>0.0</tns:Amount>
        </tns:Shipping>
      </tns:Price>
      <tns:MultipleOffersAtLowestPrice>tns:MultipleOffersAtLowestPrice</tns:MultipleOffersAtLowestPrice>
    </tns:LowestOfferListing>
  </tns:LowestOfferListings>
  <tns:Offers>
    <tns:Offer>
      <tns:BuyingPrice>
        <tns:LandedPrice>
          <tns:CurrencyCode>tns:CurrencyCode</tns:CurrencyCode>
          <tns:Amount>0.0</tns:Amount>
        </tns:LandedPrice>
        <tns:ListingPrice>
          <tns:CurrencyCode>tns:CurrencyCode</tns:CurrencyCode>
          <tns:Amount>0.0</tns:Amount>
        </tns:ListingPrice>
        <tns:Shipping>
          <tns:CurrencyCode>tns:CurrencyCode</tns:CurrencyCode>
          <tns:Amount>0.0</tns:Amount>
        </tns:Shipping>
      </tns:BuyingPrice>
      <tns:RegularPrice>
        <tns:CurrencyCode>tns:CurrencyCode</tns:CurrencyCode>
        <tns:Amount>0.0</tns:Amount>
      </tns:RegularPrice>
      <tns:FulfillmentChannel>tns:FulfillmentChannel</tns:FulfillmentChannel>
      <tns:ItemCondition>tns:ItemCondition</tns:ItemCondition>
      <tns:ItemSubCondition>tns:ItemSubCondition</tns:ItemSubCondition>
      <tns:SellerId>tns:SellerId</tns:SellerId>
      <tns:SellerSKU>tns:SellerSKU</tns:SellerSKU>
    </tns:Offer>
  </tns:Offers>
</tns:Product>
